"","mean","sd","2.5%","97.5%"
"alpha1",0.06193142557,0.0332876949496142,0.013826155,0.134692575
"alpha2",0.03936280565,0.00775238255695614,0.0267751225,0.057256435
"delta",1.2197194455,0.211519096088405,0.845172625,1.6789795
"lambda",0.6026082228,0.3318158236022,0.12146225,1.33634275
"mu",1.2629904195,0.277229248193564,0.79610405,1.887185
"nu",0.003849636105,0.00114028444811783,0.00217841625,0.00650122325
"sigma1",0.453995987,0.0431120872242605,0.378813075,0.54504435
"sigma2",0.8210771335,0.0813044810242768,0.68563375,1.00158825
"sigma3",0.75632529,0.0686462482561554,0.636891325,0.902680175
