"","mean","sd","2.5%","97.5%"
"alpha1",0.001960324519,0.000837383520728742,0.000642444275,0.00381382225
"alpha2",0.0434155068,0.0117621168167936,0.02461956,0.07067598
"delta",0.9016236745,0.211493974133515,0.553954225,1.4017865
"lambda",0.71831218625,0.311268264408639,0.226382725,1.3890325
"mu",1.1979848715,0.289132808134189,0.703491825,1.80986375
"sigma1",0.4381061285,0.0417462523604222,0.365290825,0.5260099
"sigma2",0.9970564725,0.0964033383113885,0.834195425,1.214222
"sigma3",0.896806345,0.088391191072321,0.73767695,1.0863755
