"","mean","sd","2.5%","97.5%"
"alpha1",0.06902373715,0.0261305743282818,0.02624284,0.12881935
"alpha2",0.01503544013,0.00315968569413933,0.00967357375,0.0218298275
"delta",0.3643099135,0.065497563056141,0.24996455,0.503522875
"lambda",0.835324988,0.302148679846181,0.315237975,1.47974675
"mu",1.5810475075,0.254297686477203,1.1209715,2.11544025
"sigma1",0.439078799,0.0429241726152404,0.366735325,0.53411175
"sigma2",0.750412634,0.0716330311573749,0.62769625,0.907826675
"sigma3",0.894864717,0.0858039876779782,0.7521793,1.0822105
