"","mean","sd","2.5%","97.5%"
"alpha1",0.035203731355,0.012746076366044,0.013435545,0.0621437225
"alpha2",0.0383551595,0.00806455775140166,0.025114085,0.0559793975
"delta",1.152423039,0.214301180692323,0.777501525,1.60564575
"lambda",0.8487370961,0.306029267177108,0.317939475,1.499726
"mu",1.1546185555,0.263159409067649,0.704459225,1.70244425
"nu",0.004048275805,0.00107595625379929,0.00243547275,0.00647893825
"sigma1",0.4334960875,0.0422110766242195,0.35939,0.528165775
"sigma2",0.8207421675,0.0795646275002911,0.681857575,0.987103975
"sigma3",0.7611625185,0.0731512727431425,0.633993125,0.924021625
