"","mean","sd","2.5%","97.5%"
"alpha1",0.08660733375,0.0305450846697073,0.03887994,0.155707025
"alpha2",0.01166592625,0.00303080641878258,0.00718226025,0.0190705075
"delta",0.3136038185,0.0710377768940131,0.20336075,0.4848516
"lambda",0.9018822965,0.301711626456158,0.4211155,1.584643
"mu",1.1975668075,0.224834997918311,0.8246113,1.6850185
"sigma1",0.5336879705,0.0515207716175007,0.4437897,0.642538
"sigma2",1.0491863465,0.103327046826687,0.8684741,1.271469
"sigma3",1.077022479,0.104729974255216,0.906948,1.307933
