"","mean","sd","2.5%","97.5%"
"alpha1",0.0014288389555,0.000724239860358824,0.000508265525,0.00322808175
"alpha2",0.009414263505,0.00244479782134259,0.00552343475,0.0151813875
"delta",0.2312486771,0.0648786746941219,0.1296818,0.3804639
"lambda",0.586190371,0.305804554385575,0.191292425,1.3475735
"mu",0.9864345465,0.207333807584351,0.648796075,1.4509755
"sigma1",0.5350579975,0.0515604116363567,0.44923595,0.6479291
"sigma2",1.032132147,0.0971756568158157,0.85915505,1.24031925
"sigma3",1.0759997255,0.103211253557209,0.898803275,1.31798325
