"","mean","sd","2.5%","97.5%"
"alpha1",0.0019391426085,0.000858974842463894,0.000675218375,0.003990221
"alpha2",0.08763885725,0.019965300118802,0.0556226075,0.13316905
"delta",0.4328504534,0.145459630976476,0.1280965,0.73008525
"lambda",0.711659006,0.318013951080589,0.2374241,1.458903
"mu",1.13294044,0.265636026904592,0.6836321,1.74524175
"nu",0.005522776635,0.00413188349117666,0.00356224975,0.0200332499999999
"sigma1",0.4396367145,0.0425312626721831,0.367092375,0.53325365
"sigma2",0.5703025465,0.0550286738520091,0.474755975,0.687756475
"sigma3",0.4926074685,0.0465541441710591,0.411704825,0.591496725
