"","mean","sd","2.5%","97.5%"
"alpha1",0.035362407705,0.0240123756705349,0.0062710355,0.09905113
"alpha2",0.009490928555,0.00271590764215651,0.005457291,0.0159128675
"delta",0.2322925603,0.0714555994941118,0.126862475,0.41449845
"lambda",0.6504140225,0.34496943048292,0.091456455,1.42489
"mu",0.9901004105,0.220347370163805,0.6454689,1.50143025
"sigma1",2.98341184,0.290201277830649,2.486346,3.62049375
"sigma2",1.0364756355,0.0961133917394578,0.8698004,1.2440505
"sigma3",1.0809937845,0.105235497931166,0.88323165,1.29764675
