"","mean","sd","2.5%","97.5%"
"alpha1",0.035634488505,0.0124469381808609,0.0144324025,0.0625130525
"alpha2",0.0437213308,0.0115320088546039,0.0247458075,0.0701196875
"delta",0.90696517,0.20495791467937,0.5597647,1.37322175
"lambda",0.858895142,0.299253828846143,0.3392713,1.497837
"mu",1.196733459,0.280648532529233,0.724746675,1.8148115
"sigma1",0.4353298515,0.040357840779564,0.363724625,0.520988425
"sigma2",0.997766338,0.0944209404044526,0.83318915,1.19527175
"sigma3",0.8931709525,0.0851168491920867,0.746578975,1.07478375
