"","mean","sd","2.5%","97.5%"
"alpha1",0.001915325017,0.000834107261335066,0.00068709145,0.00397175075
"alpha2",0.0390363891,0.00795617254298498,0.025918215,0.055925665
"delta",1.1696029765,0.21417682965254,0.7904924,1.63974275
"lambda",0.7022748435,0.310590901297693,0.24216425,1.42862925
"mu",1.1523383095,0.264431301436296,0.688431,1.70270625
"nu",0.00403631343,0.00109575408803155,0.00240609375,0.0065061465
"sigma1",0.4375829815,0.041052907009128,0.364455925,0.525767475
"sigma2",0.8183188165,0.0820936976561798,0.67442905,0.999209575
"sigma3",0.762747491,0.0729138581644747,0.638083825,0.9196676
