Model,LooIC,SE,PLoo
MZB_MZB_timelossGC,591.019041457245,32.2697550192635,10.6124847784339
totFOB_MZB_timelossGC,591.814275516514,32.8264554688561,10.9563943566868
carGC_MZB_timelossGC,594.800529114359,31.6740953614686,11.1870445229378
MZB_MZB_timeinflux,558.743917976778,34.4168909393278,12.0815214262981
totFOB_MZB_timeinflux,559.490923548521,34.9564549190228,12.5536432611404
carGC_MZB_timeinflux,565.244919102309,33.3696368492755,13.2440796498336
