Model,LooIC,SE,PLoo
totFOB_MZB_timeinflux,586.952662402933,36.1984553731082,12.9777457633068
carGC_MZB_timeinflux,596.99929590743,34.8222316733912,13.5681265543531
MZB_MZB_timeinflux,603.234300538174,35.1437685959907,12.9728384375192
MZB_MZB_timelossGC,626.230337965673,32.6854779063081,10.9337678064351
totFOB_MZB_timelossGC,610.421189461062,34.0318899203715,11.2137590338097
carGC_MZB_timelossGC,620.502191020954,33.0394746927243,13.5819368697593
MZB_MZB_const,647.692191407499,31.0231771869451,9.80609282955041
