Model,LooIC,SE,PLoo
totFOB_MZB_timeinflux,586.952662402933,36.1984553731082,12.9777457633068
carGC_MZB_timeinflux,596.99929590743,34.8222316733912,13.5681265543531
MZB_MZB_timeinflux,603.234300538174,35.1437685959907,12.9728384375192
