Model,LooIC,SE,PLoo
carGC_desc_const,437.140199270585,22.1553110884174,6.41880793248313
totFOB_desc_const,436.005968685834,22.5574439307364,6.38717968320141
MZB_desc_const,637.357873409135,27.3221250179719,6.9940188408957
