Model,LooIC,SE,PLoo
totFOB_desc_const,368.641401011408,23.9776466416584,6.91291964609266
